abandon,
accountable,
actionisnecessary,
actionnecessary,
actionsarenecessary,
actionsnecessary,
amcommitted,
americascommitments,
americascommitment,
amresolved,
appease,
appeasement,
appeasing,
arecommitted,
blackmail,
callfor,
callon,
callupon,
cannotaccept,
cannotallow,
cannotbeaccepted,
cannotbeallowed,
cannotbepermitted,
cannotpermit,
cannotrule,
cannotruleout,
churchill,
compel,
consequence,
consequences,
decisive,
decisively,
defeat,
defeated,
defend,
defending,
demand,
demanding,
demands,
determination,
determined,
doubt,
duty,
endurance,
endure,
enduring,
error,
everythingnecessary,
expect,
fail,
falter,
firm,
firmly,
futile,
grounds,
guarantee,
harbor,
harboring,
hitler,
illusion,
illusions,
implore,
imploring,
impunity,
insist,
insisting,
insists,
intimidated,
intimidation,
intolerable,
itistime,
meansarenecessary,
meansnecessary,
misapprehension,
misapprehensions,
miscalculate,
miscalculation,
mistake,
misunderstand,
mustact,
myresolve,
necessaryaction,
necessaryactions,
necessarymeans,
necessaryresponse,
necessarysteps,
neverallow,
neverpermit,
nonegotiation,
nonegotiations,
nonnegotiable,
notaccept,
notacceptable,
notallow,
notbeaccepted,
notbeallowed,
notbepermitted,
notgoingtoallow,
notgoingtopermit,
notgoingtorule,
notintendtoallow,
notintendtopermit,
notnegotiable,
notnegotiating,
notpermit,
notrule,
notruled,
notruledout,
notruleout,
notruling,
notrulingout,
obligated,
obligation,
obligations,
ourcommitment,
ourcommitments,
ourresolve,
persevere,
persist,
pledge,
pledged,
pledges,
preparedtoact,
preparedtouseforce,
prevail,
prevent,
price,
promise,
promised,
promises,
readytoact,
readytouseforce,
reaffirm,
regret,
reject,
repel,
resist,
resolute,
responseisnecessary,
rogue,
rulednothing,
ruledout,
rulenothing,
ruleout,
rulingnothing,
rulingout,
runningout,
sanctuary,
sanctuaries,
shelter,
sheltering,
stake,
stakes,
stand,
staythecourse,
steadfast,
steady,
stepsarenecessary,
stepsnecessary,
strength,
strong,
strongly,
takeaction,
takemilitaryaction,
threat,
threaten,
threatening,
timeisathand,
timeisup,
tolerate,
tolerated,
unacceptable,
unambiguous,
unambiguously,
underanycircumstances,
underestimate,
unequivocal,
unequivocally,
unitedstatescommitment,
unitedstatescommitments,
unrelenting,
unshakable,
unswerving,
unwavering,
unyielding,
urge,
vigilant,
vigilantly,
vitalinterest,
vitalinterests,
walkaway,
warn,
warned,
warning,
whateveraction,
whateveractions,
whateverisnecessary,
whateverisneeded,
whateverisrequired,
whateverittakes,
whatevermeans,
whatevermust,
willfight,
,
,
,
,
,
